id,description,date,number,lat,lng,count
1,SCHOOL VISIT ,1/1/19,249,42.484082,-83.457421,1
2,SCHOOL VISIT ,1/3/19,253,42.468959,-83.522221,1
3,SCHOOL VISIT ,1/3/19,217,42.468959,-83.522221,1
4,SCHOOL VISIT ,1/3/19,217,42.512892,-83.449649,1
5,SCHOOL VISIT ,1/3/19,217,42.521202,-83.469492,1
6,SCHOOL VISIT ,1/4/19,216,42.521202,-83.469492,1
7,SCHOOL VISIT ,1/6/19,291,42.463211,-83.490985,1
8,SCHOOL VISIT ,1/7/19,285,42.486569,-83.535075,1
9,SCHOOL VISIT ,1/7/19,295,42.450681,-83.504154,1
10,SCHOOL VISIT ,1/7/19,295,42.489376,-83.540248,1
11,SCHOOL VISIT ,1/7/19,295,42.481261,-83.516392,1
12,SCHOOL VISIT ,1/8/19,296,42.521202,-83.469492,1
13,SCHOOL VISIT ,1/8/19,253,42.450681,-83.504154,1
14,SCHOOL VISIT ,1/8/19,245,42.484082,-83.457421,1
15,SCHOOL VISIT ,1/9/19,291,42.463211,-83.490985,1
16,SCHOOL VISIT ,1/9/19,216,42.521202,-83.469492,1
17,SCHOOL VISIT ,1/9/19,244,42.465061,-83.461523,1
18,SCHOOL VISIT ,1/9/19,291,42.450681,-83.504154,1
19,SCHOOL VISIT ,1/9/19,230,42.461427,-83.446007,1
20,SCHOOL VISIT ,1/9/19,291,42.468959,-83.522221,1
21,SCHOOL VISIT ,1/10/19,244,42.461427,-83.446007,1
22,SCHOOL VISIT ,1/10/19,244,42.468514,-83.439433,1
23,SCHOOL VISIT ,1/11/19,285,42.473913,-83.497865,1
24,SCHOOL VISIT ,1/11/19,295,42.476463,-83.497671,1
25,SCHOOL VISIT ,1/11/19,285,42.450681,-83.504154,1
26,SCHOOL VISIT ,2/1/19,266,42.468959,-83.522221,1
27,SCHOOL VISIT ,2/7/19,216,42.521202,-83.469492,1
28,SCHOOL VISIT ,2/10/19,253,42.484082,-83.457421,1
29,SCHOOL VISIT ,2/11/19,244,42.461427,-83.446007,1
30,SCHOOL VISIT ,2/11/19,266,42.468959,-83.522221,1
31,SCHOOL VISIT ,2/11/19,216,42.521202,-83.469492,1
32,SCHOOL VISIT ,2/11/19,230,42.461427,-83.446007,1
33,SCHOOL VISIT ,2/11/19,244,42.465061,-83.461523,1
34,SCHOOL VISIT ,3/1/19,230,42.461427,-83.446007,1
35,SCHOOL VISIT ,3/1/19,216,42.521202,-83.469492,1
36,SCHOOL VISIT ,3/1/19,286,42.463211,-83.490985,1
37,SCHOOL VISIT ,3/4/19,256,42.521202,-83.469492,1
38,SCHOOL VISIT ,3/4/19,297,42.450681,-83.504154,1
39,SCHOOL VISIT ,3/5/19,285,42.463211,-83.490985,1
40,SCHOOL VISIT ,3/5/19,245,42.465061,-83.461523,1
41,SCHOOL VISIT ,3/6/19,216,42.521202,-83.469492,1
42,SCHOOL VISIT ,3/6/19,230,42.461427,-83.446007,1
43,SCHOOL VISIT ,3/6/19,285,42.473913,-83.497865,1
44,SCHOOL VISIT ,3/6/19,230,42.465061,-83.461523,1
45,SCHOOL VISIT ,3/7/19,216,42.521202,-83.469492,1
46,SCHOOL VISIT ,3/7/19,266,42.468959,-83.522221,1
47,SCHOOL VISIT ,3/8/19,253,42.461427,-83.446007,1
48,SCHOOL VISIT ,3/8/19,295,42.450681,-83.504154,1
49,SCHOOL VISIT ,3/8/19,297,42.468959,-83.522221,1
50,SCHOOL VISIT ,3/11/19,240,42.473913,-83.497865,1
51,SCHOOL VISIT ,3/11/19,216,42.521202,-83.469492,1
52,SCHOOL VISIT ,3/11/19,230,42.461427,-83.446007,1
53,SCHOOL VISIT ,3/11/19,230,42.465061,-83.461523,1
54,SCHOOL VISIT ,3/12/19,244,42.465061,-83.461523,1
55,SCHOOL VISIT ,3/12/19,244,42.461427,-83.446007,1
56,SCHOOL VISIT ,4/8/19,285,42.461427,-83.446007,1
57,SCHOOL VISIT ,4/9/19,292,42.521202,-83.469492,1
58,SCHOOL VISIT ,4/9/19,256,42.521202,-83.469492,1
59,SCHOOL VISIT ,4/10/19,248,42.463211,-83.490985,1
60,SCHOOL VISIT ,4/10/19,253,42.450681,-83.504154,1
61,SCHOOL VISIT ,4/10/19,253,42.450681,-83.504154,1
62,SCHOOL VISIT ,4/10/19,299,42.489376,-83.540248,1
63,SCHOOL VISIT ,4/11/19,299,42.468514,-83.439433,1
64,SCHOOL VISIT ,4/11/19,248,42.47843,-83.495453,1
65,SCHOOL VISIT ,4/11/19,248,42.476463,-83.497671,1
66,SCHOOL VISIT ,4/11/19,248,42.477863,-83.495421,1
67,SCHOOL VISIT ,4/11/19,248,42.473913,-83.497865,1
68,SCHOOL VISIT ,4/11/19,253,42.450681,-83.504154,1
69,SCHOOL VISIT ,5/1/19,302,42.461427,-83.446007,1
70,SCHOOL VISIT ,5/1/19,256,42.521202,-83.469492,1
71,SCHOOL VISIT ,5/2/19,285,42.461427,-83.446007,1
72,SCHOOL VISIT ,5/2/19,256,42.512892,-83.449649,1
73,SCHOOL VISIT ,5/2/19,292,42.521202,-83.469492,1
74,SCHOOL VISIT ,5/2/19,285,42.468514,-83.439433,1
75,SCHOOL VISIT ,5/3/19,253,42.450681,-83.504154,1
76,SCHOOL VISIT ,5/3/19,216,42.521202,-83.469492,1
77,SCHOOL VISIT ,5/4/19,248,42.47843,-83.495453,1
78,SCHOOL VISIT ,5/6/19,285,42.465061,-83.461523,1
79,SCHOOL VISIT ,5/7/19,285,42.465061,-83.461523,1
80,SCHOOL VISIT ,5/7/19,295,42.450681,-83.504154,1
81,SCHOOL VISIT ,5/7/19,285,42.468514,-83.439433,1
82,SCHOOL VISIT ,5/7/19,271,42.484082,-83.457421,1
83,SCHOOL VISIT ,5/7/19,292,42.521202,-83.469492,1
84,SCHOOL VISIT ,5/8/19,248,42.468959,-83.522221,1
85,SCHOOL VISIT ,5/8/19,253,42.450681,-83.504154,1
86,SCHOOL VISIT ,5/8/19,216,42.521202,-83.469492,1
87,SCHOOL VISIT ,5/8/19,298,42.465061,-83.461523,1
88,SCHOOL VISIT ,5/9/19,248,42.463211,-83.490985,1
89,SCHOOL VISIT ,5/9/19,252,42.463211,-83.490985,1
90,SCHOOL VISIT ,6/1/19,301,42.463211,-83.490985,1
91,SCHOOL VISIT ,6/1/19,294,42.463211,-83.490985,1
92,SCHOOL VISIT ,6/3/19,298,42.461427,-83.446007,1
93,SCHOOL VISIT ,6/3/19,285,42.465061,-83.461523,1
94,SCHOOL VISIT ,6/4/19,285,42.465061,-83.461523,1
95,SCHOOL VISIT ,6/5/19,244,42.465061,-83.461523,1
96,SCHOOL VISIT ,6/5/19,216,42.521202,-83.469492,1
97,SCHOOL VISIT ,6/5/19,248,42.463211,-83.490985,1
98,SCHOOL VISIT ,6/5/19,244,42.461427,-83.446007,1
99,SCHOOL VISIT ,6/6/19,216,42.521202,-83.469492,1
100,SCHOOL VISIT ,6/6/19,216,42.508257,-83.454752,1
101,SCHOOL VISIT ,6/6/19,248,42.466458,-83.49223,1
102,SCHOOL VISIT ,6/7/19,256,42.512892,-83.449649,1
103,SCHOOL VISIT ,6/8/19,249,42.477497,-83.495401,1
104,SCHOOL VISIT ,6/10/19,248,42.468959,-83.522221,1
105,SCHOOL VISIT ,6/10/19,244,42.465061,-83.461523,1
106,SCHOOL VISIT ,6/10/19,216,42.521202,-83.469492,1
107,SCHOOL VISIT ,6/10/19,248,42.486569,-83.535075,1
108,SCHOOL VISIT ,6/11/19,217,42.521202,-83.469492,1
109,SCHOOL VISIT ,6/11/19,217,42.512892,-83.449649,1
110,SCHOOL VISIT ,6/11/19,217,42.508257,-83.454752,1
111,SCHOOL VISIT ,6/11/19,248,42.466458,-83.49223,1
112,SCHOOL VISIT ,6/11/19,248,42.476463,-83.497671,1
113,SCHOOL VISIT ,6/11/19,230,42.461427,-83.446007,1
114,SCHOOL VISIT ,7/8/19,244,42.461427,-83.446007,1
115,SCHOOL VISIT ,7/11/19,295,42.468959,-83.522221,1
116,SCHOOL VISIT ,8/2/19,276,42.473913,-83.497865,1
117,SCHOOL VISIT ,9/3/19,253,42.463211,-83.490985,1
118,SCHOOL VISIT ,9/3/19,300,42.468514,-83.439433,1
119,SCHOOL VISIT ,9/3/19,217,42.521202,-83.469492,1
120,SCHOOL VISIT ,9/3/19,248,42.468959,-83.522221,1
121,SCHOOL VISIT ,9/3/19,217,42.512892,-83.449649,1
122,SCHOOL VISIT ,9/3/19,217,42.508257,-83.454752,1
123,SCHOOL VISIT ,9/3/19,253,42.450681,-83.504154,1
124,SCHOOL VISIT ,9/3/19,216,42.521202,-83.469492,1
125,SCHOOL VISIT ,9/3/19,230,42.461427,-83.446007,1
126,SCHOOL VISIT ,9/3/19,253,42.486569,-83.535075,1
127,SCHOOL VISIT ,9/3/19,230,42.465061,-83.461523,1
128,SCHOOL VISIT ,9/3/19,248,42.47843,-83.495453,1
129,SCHOOL VISIT ,9/3/19,248,42.476463,-83.497671,1
130,SCHOOL VISIT ,9/3/19,248,42.477497,-83.495401,1
131,SCHOOL VISIT ,9/3/19,216,42.521202,-83.469492,1
132,SCHOOL VISIT ,9/3/19,248,42.468959,-83.522221,1
133,SCHOOL VISIT ,9/4/19,295,42.489376,-83.540248,1
134,SCHOOL VISIT ,9/5/19,276,42.489376,-83.540248,1
135,SCHOOL VISIT ,9/5/19,304,42.521202,-83.469492,1
136,SCHOOL VISIT ,9/6/19,248,42.47843,-83.495453,1
137,SCHOOL VISIT ,9/6/19,248,42.476463,-83.497671,1
138,SCHOOL VISIT ,9/6/19,248,42.477863,-83.495421,1
139,SCHOOL VISIT ,9/6/19,216,42.521202,-83.469492,1
140,SCHOOL VISIT ,9/6/19,216,42.508257,-83.454752,1
141,SCHOOL VISIT ,9/7/19,252,42.477497,-83.495401,1
142,SCHOOL VISIT ,9/10/19,295,42.489376,-83.540248,1
143,SCHOOL VISIT ,9/10/19,278,42.489376,-83.540248,1
144,SCHOOL VISIT ,9/10/19,286,42.489376,-83.540248,1
145,SCHOOL VISIT ,9/11/19,244,42.465061,-83.461523,1
146,SCHOOL VISIT ,9/11/19,230,42.461427,-83.446007,1
147,SCHOOL VISIT ,9/11/19,244,42.461427,-83.446007,1
148,SCHOOL VISIT ,9/11/19,287,42.468959,-83.522221,1
149,SCHOOL VISIT ,9/12/19,244,42.465061,-83.461523,1
150,SCHOOL VISIT ,10/1/19,298,42.521202,-83.469492,1
151,SCHOOL VISIT ,10/1/19,217,42.489376,-83.540248,1
152,SCHOOL VISIT ,10/1/19,298,42.468959,-83.522221,1
153,SCHOOL VISIT ,10/1/19,253,42.489376,-83.540248,1
154,SCHOOL VISIT ,10/1/19,298,42.486569,-83.535075,1
155,SCHOOL VISIT ,10/1/19,253,42.479326,-83.495504,1
156,SCHOOL VISIT ,10/1/19,298,42.508257,-83.454752,1
157,SCHOOL VISIT ,10/1/19,253,42.463211,-83.490985,1
158,SCHOOL VISIT ,10/1/19,244,42.473913,-83.497865,1
159,SCHOOL VISIT ,10/1/19,221,42.450681,-83.504154,1
160,SCHOOL VISIT ,10/1/19,244,42.476463,-83.497671,1
161,SCHOOL VISIT ,10/1/19,221,42.468959,-83.522221,1
162,SCHOOL VISIT ,10/1/19,244,42.484082,-83.457421,1
163,SCHOOL VISIT ,10/1/19,230,42.465061,-83.461523,1
164,SCHOOL VISIT ,10/1/19,230,42.461427,-83.446007,1
165,SCHOOL VISIT ,10/2/19,244,42.463211,-83.490985,1
166,SCHOOL VISIT ,10/2/19,244,42.458782,-83.440735,1
167,SCHOOL VISIT ,10/2/19,244,42.468959,-83.522221,1
168,SCHOOL VISIT ,10/2/19,292,42.508257,-83.454752,1
169,SCHOOL VISIT ,10/2/19,256,42.521202,-83.469492,1
170,SCHOOL VISIT ,10/2/19,244,42.468959,-83.522221,1
171,SCHOOL VISIT ,10/2/19,266,42.465061,-83.461523,1
172,SCHOOL VISIT ,10/2/19,266,42.461427,-83.446007,1
173,SCHOOL VISIT ,10/3/19,244,42.468959,-83.522221,1
174,SCHOOL VISIT ,10/3/19,244,42.486569,-83.535075,1
175,SCHOOL VISIT ,10/3/19,244,42.489376,-83.540248,1
176,SCHOOL VISIT ,10/3/19,260,42.508257,-83.454752,1
177,SCHOOL VISIT ,10/3/19,285,42.465061,-83.461523,1
178,SCHOOL VISIT ,10/3/19,260,42.461427,-83.446007,1
179,SCHOOL VISIT ,10/3/19,260,42.468959,-83.522221,1
180,SCHOOL VISIT ,10/3/19,285,42.461427,-83.446007,1
181,SCHOOL VISIT ,10/3/19,303,42.508257,-83.454752,1
182,SCHOOL VISIT ,10/3/19,303,42.521202,-83.469492,1
183,SCHOOL VISIT ,10/3/19,292,42.508257,-83.454752,1
184,SCHOOL VISIT ,10/3/19,276,42.481261,-83.516392,1
185,SCHOOL VISIT ,10/3/19,292,42.521202,-83.469492,1
186,SCHOOL VISIT ,10/4/19,216,42.508257,-83.454752,1
187,SCHOOL VISIT ,10/4/19,216,42.521202,-83.469492,1
188,SCHOOL VISIT ,10/4/19,244,42.461427,-83.446007,1
189,SCHOOL VISIT ,10/4/19,230,42.465061,-83.461523,1
190,SCHOOL VISIT ,10/4/19,230,42.461427,-83.446007,1
191,SCHOOL VISIT ,10/4/19,244,42.468514,-83.439433,1
192,SCHOOL VISIT ,10/4/19,244,42.484082,-83.457421,1
193,SCHOOL VISIT ,10/5/19,253,42.477497,-83.495401,1
194,SCHOOL VISIT ,10/5/19,253,42.463211,-83.490985,1
195,SCHOOL VISIT ,10/6/19,301,42.463211,-83.490985,1
196,SCHOOL VISIT ,10/7/19,260,42.521202,-83.469492,1
197,SCHOOL VISIT ,10/7/19,260,42.508257,-83.454752,1
198,SCHOOL VISIT ,10/7/19,292,42.450681,-83.504154,1
199,SCHOOL VISIT ,10/7/19,276,42.461427,-83.446007,1
200,SCHOOL VISIT ,10/7/19,292,42.473913,-83.497865,1
201,SCHOOL VISIT ,10/7/19,292,42.476463,-83.497671,1
202,SCHOOL VISIT ,10/8/19,292,42.468959,-83.522221,1
203,SCHOOL VISIT ,10/8/19,291,42.481261,-83.516392,1
204,SCHOOL VISIT ,10/8/19,292,42.486569,-83.535075,1
205,SCHOOL VISIT ,10/8/19,291,42.493266,-83.528514,1
206,SCHOOL VISIT ,10/8/19,263,42.508257,-83.454752,1
207,SCHOOL VISIT ,10/9/19,299,42.468959,-83.522221,1
208,SCHOOL VISIT ,10/9/19,240,42.47843,-83.495453,1
209,SCHOOL VISIT ,10/10/19,230,42.450681,-83.504154,1
210,SCHOOL VISIT ,10/10/19,256,42.521202,-83.469492,1
211,SCHOOL VISIT ,10/10/19,230,42.463211,-83.490985,1
212,SCHOOL VISIT ,10/10/19,216,42.521202,-83.469492,1
213,SCHOOL VISIT ,10/10/19,244,42.461427,-83.446007,1
214,SCHOOL VISIT ,10/10/19,244,42.465061,-83.461523,1
215,SCHOOL VISIT ,10/10/19,216,42.508257,-83.454752,1
216,SCHOOL VISIT ,10/11/19,291,42.493266,-83.528514,1
217,SCHOOL VISIT ,10/11/19,276,42.465061,-83.461523,1
218,SCHOOL VISIT ,10/11/19,263,42.508257,-83.454752,1
219,SCHOOL VISIT ,10/11/19,291,42.489376,-83.540248,1
220,SCHOOL VISIT ,10/11/19,286,42.489376,-83.540248,1
221,SCHOOL VISIT ,11/1/19,230,42.489376,-83.540248,1
222,SCHOOL VISIT ,11/1/19,216,42.521202,-83.469492,1
223,SCHOOL VISIT ,11/1/19,230,42.450681,-83.504154,1
224,SCHOOL VISIT ,11/1/19,244,42.468514,-83.439433,1
225,SCHOOL VISIT ,11/1/19,216,42.508257,-83.454752,1
226,SCHOOL VISIT ,11/1/19,244,42.461427,-83.446007,1
227,SCHOOL VISIT ,11/1/19,256,42.521202,-83.469492,1
228,SCHOOL VISIT ,11/1/19,216,42.512892,-83.449649,1
229,SCHOOL VISIT ,11/2/19,217,42.463211,-83.490985,1
230,SCHOOL VISIT ,11/2/19,217,42.47843,-83.495453,1
231,SCHOOL VISIT ,11/2/19,230,42.47843,-83.495453,1
232,SCHOOL VISIT ,11/2/19,230,42.463211,-83.490985,1
233,SCHOOL VISIT ,11/4/19,260,42.521202,-83.469492,1
234,SCHOOL VISIT ,11/4/19,291,42.489376,-83.540248,1
235,SCHOOL VISIT ,11/4/19,292,42.479326,-83.495504,1
236,SCHOOL VISIT ,11/4/19,292,42.477863,-83.495421,1
237,SCHOOL VISIT ,11/4/19,292,42.486569,-83.535075,1
238,SCHOOL VISIT ,11/4/19,300,42.461427,-83.446007,1
239,SCHOOL VISIT ,11/4/19,244,42.484082,-83.457421,1
240,SCHOOL VISIT ,11/5/19,291,42.489376,-83.540248,1
241,SCHOOL VISIT ,11/5/19,291,42.489376,-83.540248,1
242,SCHOOL VISIT ,11/6/19,217,42.468959,-83.522221,1
243,SCHOOL VISIT ,11/6/19,230,42.450681,-83.504154,1
244,SCHOOL VISIT ,11/6/19,217,42.468959,-83.522221,1
245,SCHOOL VISIT ,11/6/19,304,42.461427,-83.446007,1
246,SCHOOL VISIT ,11/6/19,244,42.461427,-83.446007,1
247,SCHOOL VISIT ,11/6/19,304,42.468514,-83.439433,1
248,SCHOOL VISIT ,11/7/19,244,42.489376,-83.540248,1
249,SCHOOL VISIT ,11/7/19,298,42.465061,-83.461523,1
250,SCHOOL VISIT ,11/7/19,244,42.465061,-83.461523,1
251,SCHOOL VISIT ,11/8/19,292,42.463211,-83.490985,1
252,SCHOOL VISIT ,11/8/19,276,42.468514,-83.439433,1
253,SCHOOL VISIT ,11/8/19,300,42.450681,-83.504154,1
254,SCHOOL VISIT ,11/11/19,217,42.489376,-83.540248,1
255,SCHOOL VISIT ,11/11/19,298,42.473913,-83.497865,1
256,SCHOOL VISIT ,11/11/19,298,42.468959,-83.522221,1
257,SCHOOL VISIT ,12/2/19,292,42.472708,-83.504254,1
258,SCHOOL VISIT ,12/2/19,292,42.489376,-83.540248,1
259,SCHOOL VISIT ,12/2/19,292,42.468959,-83.522221,1
260,SCHOOL VISIT ,12/2/19,291,42.493266,-83.528514,1
261,SCHOOL VISIT ,12/2/19,291,42.481261,-83.516392,1
262,SCHOOL VISIT ,12/2/19,276,42.461427,-83.446007,1
263,SCHOOL VISIT ,12/2/19,301,42.521202,-83.469492,1
264,SCHOOL VISIT ,12/2/19,301,42.512892,-83.449649,1
265,SCHOOL VISIT ,12/2/19,276,42.468514,-83.439433,1
266,SCHOOL VISIT ,12/2/19,301,42.512892,-83.449649,1
267,SCHOOL VISIT ,12/2/19,292,42.477497,-83.495401,1
268,SCHOOL VISIT ,12/2/19,291,42.489376,-83.540248,1
269,SCHOOL VISIT ,12/3/19,291,42.489376,-83.540248,1
270,SCHOOL VISIT ,12/3/19,263,42.508257,-83.454752,1
271,SCHOOL VISIT ,12/3/19,263,42.521202,-83.469492,1
272,SCHOOL VISIT ,12/3/19,292,42.479326,-83.495504,1
273,SCHOOL VISIT ,12/4/19,230,42.489376,-83.540248,1
274,SCHOOL VISIT ,12/4/19,230,42.450681,-83.504154,1
275,SCHOOL VISIT ,12/4/19,256,42.512892,-83.449649,1
276,SCHOOL VISIT ,12/4/19,244,42.484082,-83.457421,1
277,SCHOOL VISIT ,12/4/19,256,42.508257,-83.454752,1
278,SCHOOL VISIT ,12/4/19,217,42.489376,-83.540248,1
279,SCHOOL VISIT ,12/4/19,216,42.521202,-83.469492,1
280,SCHOOL VISIT ,12/4/19,301,42.461427,-83.446007,1
281,SCHOOL VISIT ,12/4/19,217,42.479326,-83.495504,1
282,SCHOOL VISIT ,12/4/19,303,42.508257,-83.454752,1
283,SCHOOL VISIT ,12/4/19,217,42.463211,-83.490985,1
284,SCHOOL VISIT ,12/4/19,244,42.465061,-83.461523,1
285,SCHOOL VISIT ,12/4/19,230,42.486569,-83.535075,1
286,SCHOOL VISIT ,12/5/19,230,42.489376,-83.540248,1
287,SCHOOL VISIT ,12/5/19,230,42.468959,-83.522221,1
288,SCHOOL VISIT ,12/5/19,256,42.521202,-83.469492,1
289,SCHOOL VISIT ,12/5/19,298,42.484082,-83.457421,1
290,SCHOOL VISIT ,12/5/19,298,42.468959,-83.522221,1
291,SCHOOL VISIT ,12/5/19,217,42.481261,-83.516392,1
292,SCHOOL VISIT ,12/5/19,303,42.468959,-83.522221,1
293,SCHOOL VISIT ,12/5/19,240,42.468959,-83.522221,1
294,SCHOOL VISIT ,12/5/19,240,42.47843,-83.495453,1
295,SCHOOL VISIT ,12/6/19,292,42.479326,-83.495504,1
296,SCHOOL VISIT ,12/6/19,292,42.450681,-83.504154,1
297,SCHOOL VISIT ,12/6/19,291,42.489376,-83.540248,1
298,SCHOOL VISIT ,12/6/19,276,42.468514,-83.439433,1
299,SCHOOL VISIT ,12/7/19,292,42.476463,-83.497671,1
300,SCHOOL VISIT ,12/7/19,292,42.463211,-83.490985,1
301,SCHOOL VISIT ,12/9/19,230,42.489376,-83.540248,1
302,SCHOOL VISIT ,12/9/19,253,42.468514,-83.439433,1
303,SCHOOL VISIT ,12/9/19,253,42.484082,-83.457421,1
304,SCHOOL VISIT ,12/9/19,298,42.468959,-83.522221,1
305,SCHOOL VISIT ,12/9/19,256,42.521202,-83.469492,1
306,SCHOOL VISIT ,12/9/19,216,42.512892,-83.449649,1
307,SCHOOL VISIT ,12/9/19,217,42.450681,-83.504154,1
308,SCHOOL VISIT ,12/9/19,230,42.450681,-83.504154,1
309,SCHOOL VISIT ,12/9/19,216,42.508257,-83.454752,1
310,SCHOOL VISIT ,12/9/19,303,42.465061,-83.461523,1
311,SCHOOL VISIT ,12/9/19,217,42.473913,-83.497865,1
312,SCHOOL VISIT ,12/9/19,303,42.461427,-83.446007,1
313,SCHOOL VISIT ,12/9/19,298,42.465061,-83.461523,1
314,SCHOOL VISIT ,12/9/19,253,42.463211,-83.490985,1
315,SCHOOL VISIT ,12/9/19,298,42.484082,-83.457421,1
316,SCHOOL VISIT ,12/9/19,303,42.484082,-83.457421,1
317,SCHOOL VISIT ,12/9/19,256,42.508257,-83.454752,1
318,SCHOOL VISIT ,12/9/19,216,42.521202,-83.469492,1
319,SCHOOL VISIT ,12/9/19,230,42.463211,-83.490985,1
320,SCHOOL VISIT ,12/10/19,253,42.484082,-83.457421,1
321,SCHOOL VISIT ,12/10/19,216,42.512892,-83.449649,1
322,SCHOOL VISIT ,12/10/19,253,42.461427,-83.446007,1
323,SCHOOL VISIT ,12/10/19,298,42.465061,-83.461523,1
324,SCHOOL VISIT ,12/10/19,216,42.521202,-83.469492,1
325,SCHOOL VISIT ,12/10/19,298,42.484082,-83.457421,1
326,SCHOOL VISIT ,12/10/19,253,42.479326,-83.495504,1
327,SCHOOL VISIT ,12/10/19,216,42.508257,-83.454752,1
328,SCHOOL VISIT ,12/10/19,256,42.508257,-83.454752,1
329,SCHOOL VISIT ,12/10/19,298,42.468959,-83.522221,1
330,SCHOOL VISIT ,12/10/19,253,42.463211,-83.490985,1
331,SCHOOL VISIT ,12/10/19,303,42.468959,-83.522221,1
332,SCHOOL VISIT ,12/10/19,303,42.489376,-83.540248,1
333,SCHOOL VISIT ,12/10/19,240,42.47843,-83.495453,1
334,SCHOOL VISIT ,12/10/19,303,42.473913,-83.497865,1
335,SCHOOL VISIT ,12/10/19,256,42.521202,-83.469492,1
336,SCHOOL VISIT ,12/11/19,291,42.493266,-83.528514,1
337,SCHOOL VISIT ,12/11/19,291,42.489376,-83.540248,1
338,SCHOOL VISIT ,12/11/19,260,42.508257,-83.454752,1
339,SCHOOL VISIT ,12/11/19,291,42.481261,-83.516392,1
340,SCHOOL VISIT ,12/11/19,292,42.479326,-83.495504,1
341,SCHOOL VISIT ,12/11/19,292,42.486569,-83.535075,1
342,SCHOOL VISIT ,12/11/19,301,42.508257,-83.454752,1
343,SCHOOL VISIT ,12/11/19,292,42.489376,-83.540248,1
344,SCHOOL VISIT ,12/12/19,263,42.521202,-83.469492,1
345,SCHOOL VISIT ,12/12/19,263,42.508257,-83.454752,1
346,SCHOOL VISIT ,12/12/19,292,42.477863,-83.495421,1
347,SCHOOL VISIT ,1/13/19,271,42.484082,-83.457421,1
348,SCHOOL VISIT ,1/14/19,291,42.450681,-83.504154,1
349,SCHOOL VISIT ,1/14/19,216,42.521202,-83.469492,1
350,SCHOOL VISIT ,1/14/19,230,42.461427,-83.446007,1
351,SCHOOL VISIT ,1/15/19,291,42.450681,-83.504154,1
352,SCHOOL VISIT ,1/16/19,245,42.450681,-83.504154,1
353,SCHOOL VISIT ,1/17/19,217,42.508257,-83.454752,1
354,SCHOOL VISIT ,1/17/19,271,42.461427,-83.446007,1
355,SCHOOL VISIT ,1/17/19,271,42.465061,-83.461523,1
356,SCHOOL VISIT ,1/17/19,271,42.468514,-83.439433,1
357,SCHOOL VISIT ,1/17/19,253,42.484082,-83.457421,1
358,SCHOOL VISIT ,1/17/19,271,42.484082,-83.457421,1
359,SCHOOL VISIT ,1/18/19,230,42.463211,-83.490985,1
360,SCHOOL VISIT ,1/18/19,291,42.450681,-83.504154,1
361,SCHOOL VISIT ,1/18/19,230,42.461427,-83.446007,1
362,SCHOOL VISIT ,1/18/19,230,42.465061,-83.461523,1
363,SCHOOL VISIT ,1/19/19,291,42.450681,-83.504154,1
364,SCHOOL VISIT ,1/20/19,291,42.468959,-83.522221,1
365,SCHOOL VISIT ,1/21/19,253,42.484082,-83.457421,1
366,SCHOOL VISIT ,1/22/19,217,42.512892,-83.449649,1
367,SCHOOL VISIT ,1/22/19,253,42.461427,-83.446007,1
368,SCHOOL VISIT ,1/22/19,217,42.508257,-83.454752,1
369,SCHOOL VISIT ,1/22/19,245,42.465061,-83.461523,1
370,SCHOOL VISIT ,1/23/19,291,42.450681,-83.504154,1
371,SCHOOL VISIT ,1/23/19,291,42.463211,-83.490985,1
372,SCHOOL VISIT ,1/24/19,266,42.468959,-83.522221,1
373,SCHOOL VISIT ,1/24/19,244,42.465061,-83.461523,1
374,SCHOOL VISIT ,1/24/19,216,42.521202,-83.469492,1
375,SCHOOL VISIT ,1/24/19,244,42.461427,-83.446007,1
376,SCHOOL VISIT ,1/24/19,230,42.461427,-83.446007,1
377,SCHOOL VISIT ,1/25/19,295,42.486569,-83.535075,1
378,SCHOOL VISIT ,1/25/19,297,42.486569,-83.535075,1
379,SCHOOL VISIT ,1/25/19,217,42.521202,-83.469492,1
380,SCHOOL VISIT ,1/25/19,217,42.508257,-83.454752,1
381,SCHOOL VISIT ,1/25/19,295,42.47843,-83.495453,1
382,SCHOOL VISIT ,1/25/19,217,42.512892,-83.449649,1
383,SCHOOL VISIT ,1/25/19,295,42.493266,-83.528514,1
384,SCHOOL VISIT ,1/25/19,217,42.468959,-83.522221,1
385,SCHOOL VISIT ,1/25/19,256,42.463211,-83.490985,1
386,SCHOOL VISIT ,1/27/19,279,42.512892,-83.449649,1
387,SCHOOL VISIT ,1/29/19,244,42.461427,-83.446007,1
388,SCHOOL VISIT ,2/13/19,295,42.468959,-83.522221,1
389,SCHOOL VISIT ,2/13/19,285,42.468959,-83.522221,1
390,SCHOOL VISIT ,2/14/19,295,42.450681,-83.504154,1
391,SCHOOL VISIT ,2/15/19,221,42.508257,-83.454752,1
392,SCHOOL VISIT ,2/15/19,216,42.521202,-83.469492,1
393,SCHOOL VISIT ,2/20/19,230,42.461427,-83.446007,1
394,SCHOOL VISIT ,2/20/19,244,42.465061,-83.461523,1
395,SCHOOL VISIT ,2/21/19,266,42.468959,-83.522221,1
396,SCHOOL VISIT ,2/22/19,285,42.450681,-83.504154,1
397,SCHOOL VISIT ,2/22/19,295,42.479326,-83.495504,1
398,SCHOOL VISIT ,2/22/19,253,42.484082,-83.457421,1
399,SCHOOL VISIT ,2/22/19,253,42.465061,-83.461523,1
400,SCHOOL VISIT ,2/22/19,245,42.465061,-83.461523,1
401,SCHOOL VISIT ,2/25/19,249,42.450681,-83.504154,1
402,SCHOOL VISIT ,2/25/19,244,42.463211,-83.490985,1
403,SCHOOL VISIT ,2/25/19,216,42.521202,-83.469492,1
404,SCHOOL VISIT ,2/25/19,244,42.465061,-83.461523,1
405,SCHOOL VISIT ,2/25/19,230,42.461427,-83.446007,1
406,SCHOOL VISIT ,2/25/19,244,42.468514,-83.439433,1
407,SCHOOL VISIT ,2/25/19,291,42.450681,-83.504154,1
408,SCHOOL VISIT ,2/25/19,266,42.468959,-83.522221,1
409,SCHOOL VISIT ,2/26/19,221,42.508257,-83.454752,1
410,SCHOOL VISIT ,2/26/19,244,42.461427,-83.446007,1
411,SCHOOL VISIT ,2/26/19,216,42.521202,-83.469492,1
412,SCHOOL VISIT ,2/26/19,291,42.468959,-83.522221,1
413,SCHOOL VISIT ,2/26/19,230,42.461427,-83.446007,1
414,SCHOOL VISIT ,2/27/19,256,42.508257,-83.454752,1
415,SCHOOL VISIT ,2/27/19,217,42.521202,-83.469492,1
416,SCHOOL VISIT ,2/27/19,217,42.512892,-83.449649,1
417,SCHOOL VISIT ,2/27/19,281,42.486569,-83.535075,1
418,SCHOOL VISIT ,2/27/19,295,42.486569,-83.535075,1
419,SCHOOL VISIT ,2/27/19,271,42.465061,-83.461523,1
420,SCHOOL VISIT ,2/27/19,281,42.468959,-83.522221,1
421,SCHOOL VISIT ,2/27/19,295,42.468959,-83.522221,1
422,SCHOOL VISIT ,2/27/19,291,42.489376,-83.540248,1
423,SCHOOL VISIT ,2/27/19,217,42.468959,-83.522221,1
424,SCHOOL VISIT ,2/27/19,295,42.473913,-83.497865,1
425,SCHOOL VISIT ,2/27/19,281,42.473913,-83.497865,1
426,SCHOOL VISIT ,2/27/19,256,42.468959,-83.522221,1
427,SCHOOL VISIT ,2/27/19,256,42.473913,-83.497865,1
428,SCHOOL VISIT ,2/27/19,245,42.461427,-83.446007,1
429,SCHOOL VISIT ,2/27/19,245,42.468514,-83.439433,1
430,SCHOOL VISIT ,2/28/19,240,42.473913,-83.497865,1
431,SCHOOL VISIT ,3/14/19,271,42.465061,-83.461523,1
432,SCHOOL VISIT ,3/14/19,240,42.473913,-83.497865,1
433,SCHOOL VISIT ,3/14/19,285,42.450681,-83.504154,1
434,SCHOOL VISIT ,3/14/19,285,42.477497,-83.495401,1
435,SCHOOL VISIT ,3/15/19,216,42.521202,-83.469492,1
436,SCHOOL VISIT ,3/15/19,244,42.468514,-83.439433,1
437,SCHOOL VISIT ,3/18/19,256,42.486569,-83.535075,1
438,SCHOOL VISIT ,3/18/19,295,42.493266,-83.528514,1
439,SCHOOL VISIT ,3/18/19,297,42.521202,-83.469492,1
440,SCHOOL VISIT ,3/18/19,256,42.493266,-83.528514,1
441,SCHOOL VISIT ,3/19/19,285,42.493266,-83.528514,1
442,SCHOOL VISIT ,3/19/19,295,42.477863,-83.495421,1
443,SCHOOL VISIT ,3/19/19,297,42.468959,-83.522221,1
444,SCHOOL VISIT ,3/20/19,216,42.521202,-83.469492,1
445,SCHOOL VISIT ,3/20/19,244,42.461427,-83.446007,1
446,SCHOOL VISIT ,3/21/19,253,42.450681,-83.504154,1
447,SCHOOL VISIT ,3/22/19,285,42.493266,-83.528514,1
448,SCHOOL VISIT ,3/22/19,297,42.468514,-83.439433,1
449,SCHOOL VISIT ,3/25/19,244,42.461427,-83.446007,1
450,SCHOOL VISIT ,3/25/19,221,42.508257,-83.454752,1
451,SCHOOL VISIT ,3/25/19,244,42.465061,-83.461523,1
452,SCHOOL VISIT ,3/26/19,216,42.521202,-83.469492,1
453,SCHOOL VISIT ,3/26/19,230,42.461427,-83.446007,1
454,SCHOOL VISIT ,3/26/19,286,42.489376,-83.540248,1
455,SCHOOL VISIT ,3/27/19,285,42.489376,-83.540248,1
456,SCHOOL VISIT ,3/27/19,291,42.486569,-83.535075,1
457,SCHOOL VISIT ,3/27/19,291,42.450681,-83.504154,1
458,SCHOOL VISIT ,3/28/19,253,42.461427,-83.446007,1
459,SCHOOL VISIT ,3/28/19,253,42.465061,-83.461523,1
460,SCHOOL VISIT ,3/28/19,285,42.468959,-83.522221,1
461,SCHOOL VISIT ,4/15/19,216,42.521202,-83.469492,1
462,SCHOOL VISIT ,4/16/19,248,42.486569,-83.535075,1
463,SCHOOL VISIT ,4/17/19,292,42.521202,-83.469492,1
464,SCHOOL VISIT ,4/17/19,285,42.461427,-83.446007,1
465,SCHOOL VISIT ,4/17/19,256,42.508257,-83.454752,1
466,SCHOOL VISIT ,4/18/19,285,42.465061,-83.461523,1
467,SCHOOL VISIT ,4/18/19,285,42.468514,-83.439433,1
468,SCHOOL VISIT ,4/22/19,295,42.493266,-83.528514,1
469,SCHOOL VISIT ,4/23/19,285,42.465061,-83.461523,1
470,SCHOOL VISIT ,4/23/19,295,42.450681,-83.504154,1
471,SCHOOL VISIT ,4/23/19,256,42.508257,-83.454752,1
472,SCHOOL VISIT ,4/23/19,292,42.521202,-83.469492,1
473,SCHOOL VISIT ,4/23/19,285,42.468514,-83.439433,1
474,SCHOOL VISIT ,4/24/19,253,42.450681,-83.504154,1
475,SCHOOL VISIT ,4/24/19,216,42.521202,-83.469492,1
476,SCHOOL VISIT ,4/24/19,299,42.461427,-83.446007,1
477,SCHOOL VISIT ,4/25/19,299,42.468514,-83.439433,1
478,SCHOOL VISIT ,4/26/19,295,42.468959,-83.522221,1
479,SCHOOL VISIT ,4/26/19,302,42.468959,-83.522221,1
480,SCHOOL VISIT ,4/29/19,240,42.473913,-83.497865,1
481,SCHOOL VISIT ,4/29/19,216,42.521202,-83.469492,1
482,SCHOOL VISIT ,4/30/19,248,42.463211,-83.490985,1
483,SCHOOL VISIT ,4/30/19,299,42.489376,-83.540248,1
484,SCHOOL VISIT ,4/30/19,217,42.508257,-83.454752,1
485,SCHOOL VISIT ,4/30/19,216,42.521202,-83.469492,1
486,SCHOOL VISIT ,5/13/19,253,42.450681,-83.504154,1
487,SCHOOL VISIT ,5/13/19,248,42.476463,-83.497671,1
488,SCHOOL VISIT ,5/13/19,248,42.477863,-83.495421,1
489,SCHOOL VISIT ,5/13/19,248,42.47843,-83.495453,1
490,SCHOOL VISIT ,5/13/19,216,42.521202,-83.469492,1
491,SCHOOL VISIT ,5/16/19,292,42.521202,-83.469492,1
492,SCHOOL VISIT ,5/17/19,248,42.463211,-83.490985,1
493,SCHOOL VISIT ,5/17/19,298,42.465061,-83.461523,1
494,SCHOOL VISIT ,5/20/19,285,42.465061,-83.461523,1
495,SCHOOL VISIT ,5/22/19,216,42.521202,-83.469492,1
496,SCHOOL VISIT ,5/22/19,253,42.450681,-83.504154,1
497,SCHOOL VISIT ,5/23/19,301,42.463211,-83.490985,1
498,SCHOOL VISIT ,5/24/19,256,42.468959,-83.522221,1
499,SCHOOL VISIT ,5/25/19,276,42.466458,-83.49223,1
500,SCHOOL VISIT ,5/26/19,276,42.481261,-83.516392,1
501,SCHOOL VISIT ,5/28/19,298,42.465061,-83.461523,1
502,SCHOOL VISIT ,5/28/19,248,42.468959,-83.522221,1
503,SCHOOL VISIT ,5/28/19,216,42.521202,-83.469492,1
504,SCHOOL VISIT ,5/28/19,248,42.486569,-83.535075,1
505,SCHOOL VISIT ,5/28/19,216,42.463211,-83.490985,1
506,SCHOOL VISIT ,5/28/19,217,42.512892,-83.449649,1
507,SCHOOL VISIT ,5/29/19,304,42.521202,-83.469492,1
508,SCHOOL VISIT ,5/29/19,292,42.508257,-83.454752,1
509,SCHOOL VISIT ,5/30/19,295,42.468959,-83.522221,1
510,SCHOOL VISIT ,5/30/19,276,42.468959,-83.522221,1
511,SCHOOL VISIT ,5/30/19,285,42.461427,-83.446007,1
512,SCHOOL VISIT ,5/30/19,285,42.461427,-83.446007,1
513,SCHOOL VISIT ,5/30/19,276,42.489376,-83.540248,1
514,SCHOOL VISIT ,5/30/19,276,42.463211,-83.490985,1
515,SCHOOL VISIT ,5/30/19,304,42.508257,-83.454752,1
516,SCHOOL VISIT ,5/30/19,292,42.521202,-83.469492,1
517,SCHOOL VISIT ,5/31/19,221,42.468959,-83.522221,1
518,SCHOOL VISIT ,5/31/19,248,42.476463,-83.497671,1
519,SCHOOL VISIT ,5/31/19,248,42.47843,-83.495453,1
520,SCHOOL VISIT ,5/31/19,248,42.477863,-83.495421,1
521,SCHOOL VISIT ,5/31/19,248,42.473913,-83.497865,1
522,SCHOOL VISIT ,6/14/19,216,42.521202,-83.469492,1
523,SCHOOL VISIT ,6/14/19,304,42.468959,-83.522221,1
524,SCHOOL VISIT ,6/14/19,244,42.465061,-83.461523,1
525,SCHOOL VISIT ,6/14/19,304,42.486569,-83.535075,1
526,SCHOOL VISIT ,6/14/19,248,42.465061,-83.461523,1
527,SCHOOL VISIT ,6/22/19,295,42.477497,-83.495401,1
528,SCHOOL VISIT ,6/23/19,271,42.461427,-83.446007,1
529,SCHOOL VISIT ,6/26/19,294,42.484082,-83.457421,1
530,SCHOOL VISIT ,7/13/19,248,42.463211,-83.490985,1
531,SCHOOL VISIT ,7/15/19,276,42.481261,-83.516392,1
532,SCHOOL VISIT ,7/27/19,253,42.477497,-83.495401,1
533,SCHOOL VISIT ,7/29/19,276,42.481261,-83.516392,1
534,SCHOOL VISIT ,8/21/19,276,42.489376,-83.540248,1
535,SCHOOL VISIT ,8/27/19,215,42.508257,-83.454752,1
536,SCHOOL VISIT ,8/28/19,248,42.463211,-83.490985,1
537,SCHOOL VISIT ,8/28/19,230,42.461427,-83.446007,1
538,SCHOOL VISIT ,8/28/19,237,42.508257,-83.454752,1
539,SCHOOL VISIT ,8/28/19,286,42.461427,-83.446007,1
540,SCHOOL VISIT ,8/29/19,300,42.521202,-83.469492,1
541,SCHOOL VISIT ,9/16/19,244,42.463211,-83.490985,1
542,SCHOOL VISIT ,9/16/19,298,42.473913,-83.497865,1
543,SCHOOL VISIT ,9/16/19,230,42.461427,-83.446007,1
544,SCHOOL VISIT ,9/16/19,216,42.521202,-83.469492,1
545,SCHOOL VISIT ,9/16/19,216,42.508257,-83.454752,1
546,SCHOOL VISIT ,9/17/19,244,42.465061,-83.461523,1
547,SCHOOL VISIT ,9/17/19,252,42.489376,-83.540248,1
548,SCHOOL VISIT ,9/17/19,253,42.450681,-83.504154,1
549,SCHOOL VISIT ,9/17/19,244,42.489376,-83.540248,1
550,SCHOOL VISIT ,9/17/19,216,42.521202,-83.469492,1
551,SCHOOL VISIT ,9/17/19,244,42.461427,-83.446007,1
552,SCHOOL VISIT ,9/17/19,230,42.465061,-83.461523,1
553,SCHOOL VISIT ,9/17/19,253,42.489376,-83.540248,1
554,SCHOOL VISIT ,9/18/19,292,42.521202,-83.469492,1
555,SCHOOL VISIT ,9/19/19,295,42.465508,-83.49132,1
556,SCHOOL VISIT ,9/19/19,292,42.508257,-83.454752,1
557,SCHOOL VISIT ,9/20/19,216,42.521202,-83.469492,1
558,SCHOOL VISIT ,9/20/19,216,42.508257,-83.454752,1
559,SCHOOL VISIT ,9/20/19,244,42.461427,-83.446007,1
560,SCHOOL VISIT ,9/20/19,244,42.465061,-83.461523,1
561,SCHOOL VISIT ,9/23/19,292,42.521202,-83.469492,1
562,SCHOOL VISIT ,9/23/19,295,42.473913,-83.497865,1
563,SCHOOL VISIT ,9/23/19,303,42.465061,-83.461523,1
564,SCHOOL VISIT ,9/24/19,285,42.465061,-83.461523,1
565,SCHOOL VISIT ,9/24/19,295,42.465061,-83.461523,1
566,SCHOOL VISIT ,9/25/19,216,42.508257,-83.454752,1
567,SCHOOL VISIT ,9/25/19,216,42.521202,-83.469492,1
568,SCHOOL VISIT ,9/26/19,298,42.468959,-83.522221,1
569,SCHOOL VISIT ,9/26/19,244,42.461427,-83.446007,1
570,SCHOOL VISIT ,9/26/19,217,42.521202,-83.469492,1
571,SCHOOL VISIT ,9/26/19,244,42.468514,-83.439433,1
572,SCHOOL VISIT ,9/26/19,244,42.465061,-83.461523,1
573,SCHOOL VISIT ,9/26/19,298,42.489376,-83.540248,1
574,SCHOOL VISIT ,9/26/19,216,42.521202,-83.469492,1
575,SCHOOL VISIT ,9/27/19,286,42.463211,-83.490985,1
576,SCHOOL VISIT ,9/30/19,253,42.489376,-83.540248,1
577,SCHOOL VISIT ,9/30/19,244,42.461427,-83.446007,1
578,SCHOOL VISIT ,9/30/19,230,42.461427,-83.446007,1
579,SCHOOL VISIT ,9/30/19,244,42.465061,-83.461523,1
580,SCHOOL VISIT ,10/14/19,244,42.465061,-83.461523,1
581,SCHOOL VISIT ,10/15/19,256,42.512892,-83.449649,1
582,SCHOOL VISIT ,10/15/19,256,42.508257,-83.454752,1
583,SCHOOL VISIT ,10/15/19,230,42.450681,-83.504154,1
584,SCHOOL VISIT ,10/15/19,216,42.521202,-83.469492,1
585,SCHOOL VISIT ,10/15/19,217,42.468959,-83.522221,1
586,SCHOOL VISIT ,10/16/19,276,42.461427,-83.446007,1
587,SCHOOL VISIT ,10/16/19,260,42.508257,-83.454752,1
588,SCHOOL VISIT ,10/16/19,292,42.479326,-83.495504,1
589,SCHOOL VISIT ,10/16/19,292,42.486569,-83.535075,1
590,SCHOOL VISIT ,10/16/19,260,42.521202,-83.469492,1
591,SCHOOL VISIT ,10/16/19,292,42.468959,-83.522221,1
592,SCHOOL VISIT ,10/16/19,291,42.481261,-83.516392,1
593,SCHOOL VISIT ,10/17/19,291,42.481261,-83.516392,1
594,SCHOOL VISIT ,10/17/19,292,42.468959,-83.522221,1
595,SCHOOL VISIT ,10/17/19,292,42.486569,-83.535075,1
596,SCHOOL VISIT ,10/18/19,230,42.450681,-83.504154,1
597,SCHOOL VISIT ,10/18/19,216,42.521202,-83.469492,1
598,SCHOOL VISIT ,10/18/19,244,42.461427,-83.446007,1
599,SCHOOL VISIT ,10/18/19,244,42.468514,-83.439433,1
600,SCHOOL VISIT ,10/18/19,216,42.508257,-83.454752,1
601,SCHOOL VISIT ,10/18/19,230,42.463211,-83.490985,1
602,SCHOOL VISIT ,10/19/19,217,42.463211,-83.490985,1
603,SCHOOL VISIT ,10/19/19,217,42.47843,-83.495453,1
604,SCHOOL VISIT ,10/21/19,271,42.461427,-83.446007,1
605,SCHOOL VISIT ,10/21/19,276,42.465061,-83.461523,1
606,SCHOOL VISIT ,10/21/19,260,42.508257,-83.454752,1
607,SCHOOL VISIT ,10/22/19,260,42.508257,-83.454752,1
608,SCHOOL VISIT ,10/22/19,291,42.493266,-83.528514,1
609,SCHOOL VISIT ,10/22/19,276,42.468514,-83.439433,1
610,SCHOOL VISIT ,10/23/19,253,42.484082,-83.457421,1
611,SCHOOL VISIT ,10/23/19,216,42.512892,-83.449649,1
612,SCHOOL VISIT ,10/23/19,230,42.450681,-83.504154,1
613,SCHOOL VISIT ,10/23/19,217,42.481261,-83.516392,1
614,SCHOOL VISIT ,10/23/19,216,42.521202,-83.469492,1
615,SCHOOL VISIT ,10/23/19,217,42.479326,-83.495504,1
616,SCHOOL VISIT ,10/23/19,299,42.521202,-83.469492,1
617,SCHOOL VISIT ,10/23/19,244,42.465061,-83.461523,1
618,SCHOOL VISIT ,10/23/19,304,42.508257,-83.454752,1
619,SCHOOL VISIT ,10/24/19,244,42.461427,-83.446007,1
620,SCHOOL VISIT ,10/24/19,244,42.468514,-83.439433,1
621,SCHOOL VISIT ,10/24/19,244,42.484082,-83.457421,1
622,SCHOOL VISIT ,10/24/19,244,42.465061,-83.461523,1
623,SCHOOL VISIT ,10/25/19,291,42.489376,-83.540248,1
624,SCHOOL VISIT ,10/25/19,260,42.508257,-83.454752,1
625,SCHOOL VISIT ,10/25/19,260,42.521202,-83.469492,1
626,SCHOOL VISIT ,10/25/19,292,42.486569,-83.535075,1
627,SCHOOL VISIT ,10/25/19,291,42.481261,-83.516392,1
628,SCHOOL VISIT ,10/25/19,292,42.468959,-83.522221,1
629,SCHOOL VISIT ,10/28/19,230,42.489376,-83.540248,1
630,SCHOOL VISIT ,10/28/19,216,42.521202,-83.469492,1
631,SCHOOL VISIT ,10/28/19,244,42.461427,-83.446007,1
632,SCHOOL VISIT ,10/28/19,230,42.450681,-83.504154,1
633,SCHOOL VISIT ,10/29/19,299,42.508257,-83.454752,1
634,SCHOOL VISIT ,10/29/19,244,42.465061,-83.461523,1
635,SCHOOL VISIT ,10/29/19,216,42.512892,-83.449649,1
636,SCHOOL VISIT ,10/29/19,216,42.508257,-83.454752,1
637,SCHOOL VISIT ,10/29/19,217,42.493266,-83.528514,1
638,SCHOOL VISIT ,10/29/19,216,42.521202,-83.469492,1
639,SCHOOL VISIT ,10/29/19,230,42.47843,-83.495453,1
640,SCHOOL VISIT ,10/30/19,291,42.489376,-83.540248,1
641,SCHOOL VISIT ,10/30/19,291,42.493266,-83.528514,1
642,SCHOOL VISIT ,10/30/19,291,42.489376,-83.540248,1
643,SCHOOL VISIT ,10/31/19,291,42.450681,-83.504154,1
644,SCHOOL VISIT ,10/31/19,291,42.468959,-83.522221,1
645,SCHOOL VISIT ,10/31/19,276,42.512892,-83.449649,1
646,SCHOOL VISIT ,10/31/19,291,42.489376,-83.540248,1
647,SCHOOL VISIT ,10/31/19,276,42.489376,-83.540248,1
648,SCHOOL VISIT ,10/31/19,291,42.489376,-83.540248,1
649,SCHOOL VISIT ,11/13/19,292,42.489376,-83.540248,1
650,SCHOOL VISIT ,11/13/19,291,42.493266,-83.528514,1
651,SCHOOL VISIT ,11/13/19,260,42.508257,-83.454752,1
652,SCHOOL VISIT ,11/13/19,260,42.521202,-83.469492,1
653,SCHOOL VISIT ,11/13/19,292,42.468959,-83.522221,1
654,SCHOOL VISIT ,11/13/19,292,42.486569,-83.535075,1
655,SCHOOL VISIT ,11/14/19,292,42.489376,-83.540248,1
656,SCHOOL VISIT ,11/14/19,263,42.512892,-83.449649,1
657,SCHOOL VISIT ,11/14/19,215,42.461427,-83.446007,1
658,SCHOOL VISIT ,11/14/19,291,42.463211,-83.490985,1
659,SCHOOL VISIT ,11/14/19,292,42.463211,-83.490985,1
660,SCHOOL VISIT ,11/14/19,260,42.508257,-83.454752,1
661,SCHOOL VISIT ,11/14/19,260,42.521202,-83.469492,1
662,SCHOOL VISIT ,11/14/19,263,42.508257,-83.454752,1
663,SCHOOL VISIT ,11/14/19,291,42.481261,-83.516392,1
664,SCHOOL VISIT ,11/14/19,292,42.479326,-83.495504,1
665,SCHOOL VISIT ,11/14/19,291,42.489376,-83.540248,1
666,SCHOOL VISIT ,11/14/19,292,42.477497,-83.495401,1
667,SCHOOL VISIT ,11/15/19,230,42.489376,-83.540248,1
668,SCHOOL VISIT ,11/15/19,244,42.465061,-83.461523,1
669,SCHOOL VISIT ,11/15/19,304,42.463211,-83.490985,1
670,SCHOOL VISIT ,11/15/19,298,42.468959,-83.522221,1
671,SCHOOL VISIT ,11/15/19,244,42.461427,-83.446007,1
672,SCHOOL VISIT ,11/15/19,253,42.484082,-83.457421,1
673,SCHOOL VISIT ,11/15/19,253,42.465061,-83.461523,1
674,SCHOOL VISIT ,11/15/19,244,42.468514,-83.439433,1
675,SCHOOL VISIT ,11/15/19,216,42.512892,-83.449649,1
676,SCHOOL VISIT ,11/15/19,253,42.468514,-83.439433,1
677,SCHOOL VISIT ,11/15/19,278,42.512892,-83.449649,1
678,SCHOOL VISIT ,11/15/19,230,42.450681,-83.504154,1
679,SCHOOL VISIT ,11/15/19,217,42.486569,-83.535075,1
680,SCHOOL VISIT ,11/15/19,256,42.508257,-83.454752,1
681,SCHOOL VISIT ,11/15/19,216,42.521202,-83.469492,1
682,SCHOOL VISIT ,11/15/19,278,42.521202,-83.469492,1
683,SCHOOL VISIT ,11/15/19,278,42.508257,-83.454752,1
684,SCHOOL VISIT ,11/15/19,216,42.508257,-83.454752,1
685,SCHOOL VISIT ,11/15/19,298,42.473913,-83.497865,1
686,SCHOOL VISIT ,11/15/19,217,42.463211,-83.490985,1
687,SCHOOL VISIT ,11/15/19,298,42.468959,-83.522221,1
688,SCHOOL VISIT ,11/15/19,304,42.508257,-83.454752,1
689,SCHOOL VISIT ,11/15/19,304,42.521202,-83.469492,1
690,SCHOOL VISIT ,11/15/19,240,42.47843,-83.495453,1
691,SCHOOL VISIT ,11/15/19,230,42.468959,-83.522221,1
692,SCHOOL VISIT ,11/16/19,217,42.463211,-83.490985,1
693,SCHOOL VISIT ,11/16/19,230,42.47843,-83.495453,1
694,SCHOOL VISIT ,11/16/19,217,42.47843,-83.495453,1
695,SCHOOL VISIT ,11/16/19,244,42.465061,-83.461523,1
696,SCHOOL VISIT ,11/18/19,292,42.489376,-83.540248,1
697,SCHOOL VISIT ,11/18/19,271,42.468514,-83.439433,1
698,SCHOOL VISIT ,11/18/19,271,42.465061,-83.461523,1
699,SCHOOL VISIT ,11/18/19,252,42.463211,-83.490985,1
700,SCHOOL VISIT ,11/18/19,292,42.468959,-83.522221,1
701,SCHOOL VISIT ,11/18/19,300,42.508257,-83.454752,1
702,SCHOOL VISIT ,11/18/19,271,42.461427,-83.446007,1
703,SCHOOL VISIT ,11/18/19,291,42.481261,-83.516392,1
704,SCHOOL VISIT ,11/18/19,291,42.493266,-83.528514,1
705,SCHOOL VISIT ,11/18/19,292,42.477497,-83.495401,1
706,SCHOOL VISIT ,11/18/19,291,42.489376,-83.540248,1
707,SCHOOL VISIT ,11/19/19,292,42.489376,-83.540248,1
708,SCHOOL VISIT ,11/19/19,291,42.489376,-83.540248,1
709,SCHOOL VISIT ,11/19/19,292,42.479326,-83.495504,1
710,SCHOOL VISIT ,11/19/19,300,42.465061,-83.461523,1
711,SCHOOL VISIT ,11/19/19,263,42.508257,-83.454752,1
712,SCHOOL VISIT ,11/19/19,300,42.461427,-83.446007,1
713,SCHOOL VISIT ,11/19/19,292,42.473913,-83.497865,1
714,SCHOOL VISIT ,11/19/19,291,42.493266,-83.528514,1
715,SCHOOL VISIT ,11/19/19,291,42.481261,-83.516392,1
716,SCHOOL VISIT ,11/19/19,271,42.468514,-83.439433,1
717,SCHOOL VISIT ,11/19/19,271,42.461427,-83.446007,1
718,SCHOOL VISIT ,11/19/19,271,42.465061,-83.461523,1
719,SCHOOL VISIT ,11/19/19,263,42.521202,-83.469492,1
720,SCHOOL VISIT ,11/20/19,230,42.489376,-83.540248,1
721,SCHOOL VISIT ,11/20/19,216,42.512892,-83.449649,1
722,SCHOOL VISIT ,11/20/19,230,42.450681,-83.504154,1
723,SCHOOL VISIT ,11/20/19,298,42.465061,-83.461523,1
724,SCHOOL VISIT ,11/20/19,216,42.521202,-83.469492,1
725,SCHOOL VISIT ,11/20/19,217,42.481261,-83.516392,1
726,SCHOOL VISIT ,11/20/19,216,42.508257,-83.454752,1
727,SCHOOL VISIT ,11/20/19,217,42.493266,-83.528514,1
728,SCHOOL VISIT ,11/20/19,230,42.468959,-83.522221,1
729,SCHOOL VISIT ,11/20/19,256,42.508257,-83.454752,1
730,SCHOOL VISIT ,11/20/19,217,42.486569,-83.535075,1
731,SCHOOL VISIT ,11/21/19,244,42.484082,-83.457421,1
732,SCHOOL VISIT ,11/21/19,230,42.489376,-83.540248,1
733,SCHOOL VISIT ,11/21/19,217,42.450681,-83.504154,1
734,SCHOOL VISIT ,11/21/19,298,42.461427,-83.446007,1
735,SCHOOL VISIT ,11/21/19,244,42.468514,-83.439433,1
736,SCHOOL VISIT ,11/21/19,217,42.479326,-83.495504,1
737,SCHOOL VISIT ,11/21/19,298,42.465061,-83.461523,1
738,SCHOOL VISIT ,11/21/19,217,42.473913,-83.497865,1
739,SCHOOL VISIT ,11/21/19,244,42.461427,-83.446007,1
740,SCHOOL VISIT ,11/21/19,230,42.450681,-83.504154,1
741,SCHOOL VISIT ,11/21/19,304,42.468959,-83.522221,1
742,SCHOOL VISIT ,11/21/19,298,42.484082,-83.457421,1
743,SCHOOL VISIT ,11/21/19,304,42.473913,-83.497865,1
744,SCHOOL VISIT ,11/21/19,230,42.486569,-83.535075,1
745,SCHOOL VISIT ,11/21/19,304,42.463211,-83.490985,1
746,SCHOOL VISIT ,11/22/19,291,42.450681,-83.504154,1
747,SCHOOL VISIT ,11/22/19,260,42.508257,-83.454752,1
748,SCHOOL VISIT ,11/22/19,271,42.468514,-83.439433,1
749,SCHOOL VISIT ,11/22/19,271,42.465293,-83.459488,1
750,SCHOOL VISIT ,11/23/19,291,42.477497,-83.495401,1
751,SCHOOL VISIT ,11/23/19,278,42.463211,-83.490985,1
752,SCHOOL VISIT ,11/23/19,291,42.463211,-83.490985,1
753,SCHOOL VISIT ,11/25/19,230,42.489376,-83.540248,1
754,SCHOOL VISIT ,11/25/19,304,42.508257,-83.454752,1
755,SCHOOL VISIT ,11/25/19,298,42.465061,-83.461523,1
756,SCHOOL VISIT ,11/25/19,253,42.461427,-83.446007,1
757,SCHOOL VISIT ,11/25/19,253,42.484082,-83.457421,1
758,SCHOOL VISIT ,11/25/19,230,42.450681,-83.504154,1
759,SCHOOL VISIT ,11/25/19,216,42.512892,-83.449649,1
760,SCHOOL VISIT ,11/25/19,217,42.468959,-83.522221,1
761,SCHOOL VISIT ,11/25/19,217,42.489376,-83.540248,1
762,SCHOOL VISIT ,11/25/19,304,42.521202,-83.469492,1
763,SCHOOL VISIT ,11/25/19,244,42.465061,-83.461523,1
764,SCHOOL VISIT ,11/25/19,244,42.461427,-83.446007,1
765,SCHOOL VISIT ,11/25/19,217,42.468959,-83.522221,1
766,SCHOOL VISIT ,11/25/19,244,42.468514,-83.439433,1
767,SCHOOL VISIT ,11/25/19,216,42.521202,-83.469492,1
768,SCHOOL VISIT ,11/25/19,216,42.508257,-83.454752,1
769,SCHOOL VISIT ,11/25/19,298,42.484082,-83.457421,1
770,SCHOOL VISIT ,11/25/19,230,42.486569,-83.535075,1
771,SCHOOL VISIT ,11/25/19,304,42.512892,-83.449649,1
772,SCHOOL VISIT ,11/26/19,230,42.489376,-83.540248,1
773,SCHOOL VISIT ,11/26/19,304,42.484082,-83.457421,1
774,SCHOOL VISIT ,11/26/19,298,42.512892,-83.449649,1
775,SCHOOL VISIT ,11/26/19,252,42.512892,-83.449649,1
776,SCHOOL VISIT ,11/26/19,256,42.512892,-83.449649,1
777,SCHOOL VISIT ,11/26/19,216,42.521202,-83.469492,1
778,SCHOOL VISIT ,11/26/19,298,42.484082,-83.457421,1
779,SCHOOL VISIT ,11/26/19,304,42.489376,-83.540248,1
780,SCHOOL VISIT ,11/26/19,216,42.508257,-83.454752,1
781,SCHOOL VISIT ,11/26/19,298,42.465061,-83.461523,1
782,SCHOOL VISIT ,11/26/19,253,42.463211,-83.490985,1
783,SCHOOL VISIT ,11/26/19,216,42.512892,-83.449649,1
784,SCHOOL VISIT ,11/26/19,253,42.461427,-83.446007,1
785,SCHOOL VISIT ,11/26/19,253,42.465061,-83.461523,1
786,SCHOOL VISIT ,11/26/19,253,42.484082,-83.457421,1
787,SCHOOL VISIT ,11/26/19,244,42.465061,-83.461523,1
788,SCHOOL VISIT ,11/26/19,256,42.521202,-83.469492,1
789,SCHOOL VISIT ,11/26/19,244,42.461427,-83.446007,1
790,SCHOOL VISIT ,11/26/19,261,42.493266,-83.528514,1
791,SCHOOL VISIT ,11/26/19,230,42.486569,-83.535075,1
792,SCHOOL VISIT ,11/26/19,244,42.484082,-83.457421,1
793,SCHOOL VISIT ,11/27/19,291,42.493266,-83.528514,1
794,SCHOOL VISIT ,12/13/19,253,42.484082,-83.457421,1
795,SCHOOL VISIT ,12/13/19,244,42.465061,-83.461523,1
796,SCHOOL VISIT ,12/13/19,216,42.521202,-83.469492,1
797,SCHOOL VISIT ,12/13/19,216,42.508257,-83.454752,1
798,SCHOOL VISIT ,12/13/19,216,42.463211,-83.490985,1
799,SCHOOL VISIT ,12/14/19,298,42.463211,-83.490985,1
800,SCHOOL VISIT ,12/14/19,253,42.477497,-83.495401,1
801,SCHOOL VISIT ,12/14/19,253,42.463211,-83.490985,1
802,SCHOOL VISIT ,12/14/19,230,42.47843,-83.495453,1
803,SCHOOL VISIT ,12/16/19,291,42.493266,-83.528514,1
804,SCHOOL VISIT ,12/16/19,292,42.463211,-83.490985,1
805,SCHOOL VISIT ,12/16/19,291,42.489376,-83.540248,1
806,SCHOOL VISIT ,12/16/19,276,42.468514,-83.439433,1
807,SCHOOL VISIT ,12/16/19,292,42.450681,-83.504154,1
808,SCHOOL VISIT ,12/16/19,292,42.473913,-83.497865,1
809,SCHOOL VISIT ,12/16/19,263,42.521202,-83.469492,1
810,SCHOOL VISIT ,12/16/19,263,42.508257,-83.454752,1
811,SCHOOL VISIT ,12/17/19,301,42.521202,-83.469492,1
812,SCHOOL VISIT ,12/17/19,301,42.512892,-83.449649,1
813,SCHOOL VISIT ,12/17/19,291,42.481261,-83.516392,1
814,SCHOOL VISIT ,12/17/19,292,42.468959,-83.522221,1
815,SCHOOL VISIT ,12/17/19,292,42.47843,-83.495453,1
816,SCHOOL VISIT ,12/17/19,263,42.508257,-83.454752,1
817,SCHOOL VISIT ,12/17/19,276,42.461427,-83.446007,1
818,SCHOOL VISIT ,12/17/19,276,42.465061,-83.461523,1
819,SCHOOL VISIT ,12/17/19,292,42.481261,-83.516392,1
820,SCHOOL VISIT ,12/18/19,230,42.489376,-83.540248,1
821,SCHOOL VISIT ,12/18/19,253,42.484082,-83.457421,1
822,SCHOOL VISIT ,12/18/19,244,42.461427,-83.446007,1
823,SCHOOL VISIT ,12/18/19,278,42.508257,-83.454752,1
824,SCHOOL VISIT ,12/18/19,278,42.521202,-83.469492,1
825,SCHOOL VISIT ,12/18/19,298,42.484082,-83.457421,1
826,SCHOOL VISIT ,12/18/19,303,42.521202,-83.469492,1
827,SCHOOL VISIT ,12/18/19,303,42.508257,-83.454752,1
828,SCHOOL VISIT ,12/18/19,253,42.465061,-83.461523,1
829,SCHOOL VISIT ,12/18/19,303,42.484082,-83.457421,1
830,SCHOOL VISIT ,12/18/19,244,42.468514,-83.439433,1
831,SCHOOL VISIT ,12/18/19,278,42.463211,-83.490985,1
832,SCHOOL VISIT ,12/18/19,298,42.465061,-83.461523,1
833,SCHOOL VISIT ,12/18/19,230,42.463211,-83.490985,1
834,SCHOOL VISIT ,12/18/19,230,42.486569,-83.535075,1
835,SCHOOL VISIT ,12/18/19,298,42.461427,-83.446007,1
836,SCHOOL VISIT ,12/18/19,281,42.508257,-83.454752,1
837,SCHOOL VISIT ,12/18/19,253,42.461427,-83.446007,1
838,SCHOOL VISIT ,12/19/19,230,42.489376,-83.540248,1
839,SCHOOL VISIT ,12/19/19,230,42.463211,-83.490985,1
840,SCHOOL VISIT ,12/19/19,244,42.461427,-83.446007,1
841,SCHOOL VISIT ,12/19/19,244,42.468514,-83.439433,1
842,SCHOOL VISIT ,12/19/19,303,42.508257,-83.454752,1
843,SCHOOL VISIT ,12/19/19,303,42.521202,-83.469492,1
844,SCHOOL VISIT ,12/19/19,230,42.450681,-83.504154,1
845,SCHOOL VISIT ,12/19/19,303,42.512892,-83.449649,1
846,SCHOOL VISIT ,12/19/19,244,42.465061,-83.461523,1
847,SCHOOL VISIT ,12/19/19,298,42.484082,-83.457421,1
848,SCHOOL VISIT ,12/20/19,292,42.489376,-83.540248,1
849,SCHOOL VISIT ,12/20/19,291,42.481261,-83.516392,1
850,SCHOOL VISIT ,12/20/19,292,42.468959,-83.522221,1
851,SCHOOL VISIT ,12/20/19,291,42.493266,-83.528514,1
852,SCHOOL VISIT ,12/20/19,291,42.489376,-83.540248,1
853,SCHOOL VISIT ,12/20/19,292,42.486569,-83.535075,1
854,SCHOOL VISIT ,12/20/19,276,42.465061,-83.461523,1
855,SCHOOL VISIT ,12/20/19,263,42.508257,-83.454752,1
